[
  { "label": "New York, NY, United States", "city": "New York", "region": "NY", "country": "United States" },
  { "label": "Los Angeles, CA, United States", "city": "Los Angeles", "region": "CA", "country": "United States" },
  { "label": "Chicago, IL, United States", "city": "Chicago", "region": "IL", "country": "United States" },
  { "label": "Houston, TX, United States", "city": "Houston", "region": "TX", "country": "United States" },
  { "label": "Phoenix, AZ, United States", "city": "Phoenix", "region": "AZ", "country": "United States" },
  { "label": "Philadelphia, PA, United States", "city": "Philadelphia", "region": "PA", "country": "United States" },
  { "label": "San Antonio, TX, United States", "city": "San Antonio", "region": "TX", "country": "United States" },
  { "label": "San Diego, CA, United States", "city": "San Diego", "region": "CA", "country": "United States" },
  { "label": "Dallas, TX, United States", "city": "Dallas", "region": "TX", "country": "United States" },
  { "label": "San Jose, CA, United States", "city": "San Jose", "region": "CA", "country": "United States" },
  { "label": "Austin, TX, United States", "city": "Austin", "region": "TX", "country": "United States" },
  { "label": "Jacksonville, FL, United States", "city": "Jacksonville", "region": "FL", "country": "United States" },
  { "label": "Fort Worth, TX, United States", "city": "Fort Worth", "region": "TX", "country": "United States" },
  { "label": "Columbus, OH, United States", "city": "Columbus", "region": "OH", "country": "United States" },
  { "label": "Charlotte, NC, United States", "city": "Charlotte", "region": "NC", "country": "United States" },
  { "label": "San Francisco, CA, United States", "city": "San Francisco", "region": "CA", "country": "United States" },
  { "label": "Indianapolis, IN, United States", "city": "Indianapolis", "region": "IN", "country": "United States" },
  { "label": "Seattle, WA, United States", "city": "Seattle", "region": "WA", "country": "United States" },
  { "label": "Denver, CO, United States", "city": "Denver", "region": "CO", "country": "United States" },
  { "label": "Boston, MA, United States", "city": "Boston", "region": "MA", "country": "United States" },
  { "label": "Nashville, TN, United States", "city": "Nashville", "region": "TN", "country": "United States" },
  { "label": "Detroit, MI, United States", "city": "Detroit", "region": "MI", "country": "United States" },
  { "label": "Portland, OR, United States", "city": "Portland", "region": "OR", "country": "United States" },
  { "label": "Las Vegas, NV, United States", "city": "Las Vegas", "region": "NV", "country": "United States" },
  { "label": "Memphis, TN, United States", "city": "Memphis", "region": "TN", "country": "United States" },
  { "label": "Baltimore, MD, United States", "city": "Baltimore", "region": "MD", "country": "United States" },
  { "label": "Milwaukee, WI, United States", "city": "Milwaukee", "region": "WI", "country": "United States" },
  { "label": "Albuquerque, NM, United States", "city": "Albuquerque", "region": "NM", "country": "United States" },
  { "label": "Tucson, AZ, United States", "city": "Tucson", "region": "AZ", "country": "United States" },
  { "label": "Fresno, CA, United States", "city": "Fresno", "region": "CA", "country": "United States" },
  { "label": "Sacramento, CA, United States", "city": "Sacramento", "region": "CA", "country": "United States" },
  { "label": "Atlanta, GA, United States", "city": "Atlanta", "region": "GA", "country": "United States" },
  { "label": "Miami, FL, United States", "city": "Miami", "region": "FL", "country": "United States" },
  { "label": "Raleigh, NC, United States", "city": "Raleigh", "region": "NC", "country": "United States" },
  { "label": "Minneapolis, MN, United States", "city": "Minneapolis", "region": "MN", "country": "United States" },
  { "label": "Tampa, FL, United States", "city": "Tampa", "region": "FL", "country": "United States" },
  { "label": "Orlando, FL, United States", "city": "Orlando", "region": "FL", "country": "United States" },
  { "label": "St. Louis, MO, United States", "city": "St. Louis", "region": "MO", "country": "United States" },
  { "label": "Pittsburgh, PA, United States", "city": "Pittsburgh", "region": "PA", "country": "United States" },
  { "label": "Cincinnati, OH, United States", "city": "Cincinnati", "region": "OH", "country": "United States" },
  { "label": "Cleveland, OH, United States", "city": "Cleveland", "region": "OH", "country": "United States" },
  { "label": "Kansas City, MO, United States", "city": "Kansas City", "region": "MO", "country": "United States" },
  { "label": "Toronto, ON, Canada", "city": "Toronto", "region": "ON", "country": "Canada" },
  { "label": "Montreal, QC, Canada", "city": "Montreal", "region": "QC", "country": "Canada" },
  { "label": "Vancouver, BC, Canada", "city": "Vancouver", "region": "BC", "country": "Canada" },
  { "label": "Calgary, AB, Canada", "city": "Calgary", "region": "AB", "country": "Canada" },
  { "label": "Ottawa, ON, Canada", "city": "Ottawa", "region": "ON", "country": "Canada" },
  { "label": "Edmonton, AB, Canada", "city": "Edmonton", "region": "AB", "country": "Canada" },
  { "label": "Winnipeg, MB, Canada", "city": "Winnipeg", "region": "MB", "country": "Canada" },
  { "label": "London, England, United Kingdom", "city": "London", "region": "England", "country": "United Kingdom" },
  { "label": "Manchester, England, United Kingdom", "city": "Manchester", "region": "England", "country": "United Kingdom" },
  { "label": "Birmingham, England, United Kingdom", "city": "Birmingham", "region": "England", "country": "United Kingdom" },
  { "label": "Edinburgh, Scotland, United Kingdom", "city": "Edinburgh", "region": "Scotland", "country": "United Kingdom" },
  { "label": "Glasgow, Scotland, United Kingdom", "city": "Glasgow", "region": "Scotland", "country": "United Kingdom" },
  { "label": "Dublin, Ireland", "city": "Dublin", "region": "", "country": "Ireland" },
  { "label": "Paris, France", "city": "Paris", "region": "", "country": "France" },
  { "label": "Berlin, Germany", "city": "Berlin", "region": "", "country": "Germany" },
  { "label": "Munich, Germany", "city": "Munich", "region": "", "country": "Germany" },
  { "label": "Hamburg, Germany", "city": "Hamburg", "region": "", "country": "Germany" },
  { "label": "Frankfurt, Germany", "city": "Frankfurt", "region": "", "country": "Germany" },
  { "label": "Amsterdam, Netherlands", "city": "Amsterdam", "region": "", "country": "Netherlands" },
  { "label": "Rotterdam, Netherlands", "city": "Rotterdam", "region": "", "country": "Netherlands" },
  { "label": "Brussels, Belgium", "city": "Brussels", "region": "", "country": "Belgium" },
  { "label": "Madrid, Spain", "city": "Madrid", "region": "", "country": "Spain" },
  { "label": "Barcelona, Spain", "city": "Barcelona", "region": "", "country": "Spain" },
  { "label": "Valencia, Spain", "city": "Valencia", "region": "", "country": "Spain" },
  { "label": "Rome, Italy", "city": "Rome", "region": "", "country": "Italy" },
  { "label": "Milan, Italy", "city": "Milan", "region": "", "country": "Italy" },
  { "label": "Naples, Italy", "city": "Naples", "region": "", "country": "Italy" },
  { "label": "Turin, Italy", "city": "Turin", "region": "", "country": "Italy" },
  { "label": "Vienna, Austria", "city": "Vienna", "region": "", "country": "Austria" },
  { "label": "Zurich, Switzerland", "city": "Zurich", "region": "", "country": "Switzerland" },
  { "label": "Geneva, Switzerland", "city": "Geneva", "region": "", "country": "Switzerland" },
  { "label": "Stockholm, Sweden", "city": "Stockholm", "region": "", "country": "Sweden" },
  { "label": "Copenhagen, Denmark", "city": "Copenhagen", "region": "", "country": "Denmark" },
  { "label": "Oslo, Norway", "city": "Oslo", "region": "", "country": "Norway" },
  { "label": "Helsinki, Finland", "city": "Helsinki", "region": "", "country": "Finland" },
  { "label": "Warsaw, Poland", "city": "Warsaw", "region": "", "country": "Poland" },
  { "label": "Prague, Czech Republic", "city": "Prague", "region": "", "country": "Czech Republic" },
  { "label": "Budapest, Hungary", "city": "Budapest", "region": "", "country": "Hungary" },
  { "label": "Lisbon, Portugal", "city": "Lisbon", "region": "", "country": "Portugal" },
  { "label": "Athens, Greece", "city": "Athens", "region": "", "country": "Greece" },
  { "label": "Istanbul, Turkey", "city": "Istanbul", "region": "", "country": "Turkey" },
  { "label": "Moscow, Russia", "city": "Moscow", "region": "", "country": "Russia" },
  { "label": "Singapore, Singapore", "city": "Singapore", "region": "", "country": "Singapore" },
  { "label": "Hong Kong, Hong Kong", "city": "Hong Kong", "region": "", "country": "Hong Kong" },
  { "label": "Tokyo, Japan", "city": "Tokyo", "region": "", "country": "Japan" },
  { "label": "Osaka, Japan", "city": "Osaka", "region": "", "country": "Japan" },
  { "label": "Yokohama, Japan", "city": "Yokohama", "region": "", "country": "Japan" },
  { "label": "Seoul, South Korea", "city": "Seoul", "region": "", "country": "South Korea" },
  { "label": "Busan, South Korea", "city": "Busan", "region": "", "country": "South Korea" },
  { "label": "Beijing, China", "city": "Beijing", "region": "", "country": "China" },
  { "label": "Shanghai, China", "city": "Shanghai", "region": "", "country": "China" },
  { "label": "Guangzhou, China", "city": "Guangzhou", "region": "", "country": "China" },
  { "label": "Shenzhen, China", "city": "Shenzhen", "region": "", "country": "China" },
  { "label": "Chengdu, China", "city": "Chengdu", "region": "", "country": "China" },
  { "label": "Bangalore, India", "city": "Bangalore", "region": "", "country": "India" },
  { "label": "Mumbai, India", "city": "Mumbai", "region": "", "country": "India" },
  { "label": "New Delhi, India", "city": "New Delhi", "region": "", "country": "India" },
  { "label": "Hyderabad, India", "city": "Hyderabad", "region": "", "country": "India" },
  { "label": "Chennai, India", "city": "Chennai", "region": "", "country": "India" },
  { "label": "Pune, India", "city": "Pune", "region": "", "country": "India" },
  { "label": "Kolkata, India", "city": "Kolkata", "region": "", "country": "India" },
  { "label": "Sydney, NSW, Australia", "city": "Sydney", "region": "NSW", "country": "Australia" },
  { "label": "Melbourne, VIC, Australia", "city": "Melbourne", "region": "VIC", "country": "Australia" },
  { "label": "Brisbane, QLD, Australia", "city": "Brisbane", "region": "QLD", "country": "Australia" },
  { "label": "Perth, WA, Australia", "city": "Perth", "region": "WA", "country": "Australia" },
  { "label": "Auckland, New Zealand", "city": "Auckland", "region": "", "country": "New Zealand" },
  { "label": "Wellington, New Zealand", "city": "Wellington", "region": "", "country": "New Zealand" },
  { "label": "Mexico City, Mexico", "city": "Mexico City", "region": "", "country": "Mexico" },
  { "label": "Guadalajara, Mexico", "city": "Guadalajara", "region": "", "country": "Mexico" },
  { "label": "Monterrey, Mexico", "city": "Monterrey", "region": "", "country": "Mexico" },
  { "label": "São Paulo, Brazil", "city": "São Paulo", "region": "", "country": "Brazil" },
  { "label": "Rio de Janeiro, Brazil", "city": "Rio de Janeiro", "region": "", "country": "Brazil" },
  { "label": "Brasília, Brazil", "city": "Brasília", "region": "", "country": "Brazil" },
  { "label": "Buenos Aires, Argentina", "city": "Buenos Aires", "region": "", "country": "Argentina" },
  { "label": "Santiago, Chile", "city": "Santiago", "region": "", "country": "Chile" },
  { "label": "Lima, Peru", "city": "Lima", "region": "", "country": "Peru" },
  { "label": "Bogotá, Colombia", "city": "Bogotá", "region": "", "country": "Colombia" },
  { "label": "Dubai, United Arab Emirates", "city": "Dubai", "region": "", "country": "United Arab Emirates" },
  { "label": "Abu Dhabi, United Arab Emirates", "city": "Abu Dhabi", "region": "", "country": "United Arab Emirates" },
  { "label": "Tel Aviv, Israel", "city": "Tel Aviv", "region": "", "country": "Israel" },
  { "label": "Cape Town, South Africa", "city": "Cape Town", "region": "", "country": "South Africa" },
  { "label": "Johannesburg, South Africa", "city": "Johannesburg", "region": "", "country": "South Africa" },
  { "label": "Lagos, Nigeria", "city": "Lagos", "region": "", "country": "Nigeria" },
  { "label": "Nairobi, Kenya", "city": "Nairobi", "region": "", "country": "Kenya" },
  { "label": "Cairo, Egypt", "city": "Cairo", "region": "", "country": "Egypt" },
  { "label": "Bangkok, Thailand", "city": "Bangkok", "region": "", "country": "Thailand" },
  { "label": "Manila, Philippines", "city": "Manila", "region": "", "country": "Philippines" },
  { "label": "Jakarta, Indonesia", "city": "Jakarta", "region": "", "country": "Indonesia" },
  { "label": "Kuala Lumpur, Malaysia", "city": "Kuala Lumpur", "region": "", "country": "Malaysia" },
  { "label": "Hanoi, Vietnam", "city": "Hanoi", "region": "", "country": "Vietnam" },
  { "label": "Ho Chi Minh City, Vietnam", "city": "Ho Chi Minh City", "region": "", "country": "Vietnam" }
]
